{"ticker": "LKOH", "prediction": 1, "proba": [0.0006608631811104715, 0.9993389248847961, 2.085657939687735e-07]}
{"ticker": "MTSS", "prediction": 1, "proba": [0.2184586524963379, 0.603547215461731, 0.17799414694309235]}
{"ticker": "SBER", "prediction": 1, "proba": [0.07989677786827087, 0.9201019406318665, 1.2652631085074972e-06]}
